0,1,2,3,4,5,6,7,8
B057586722045,_ЁЭффективное численное решение задачи Стокса с разрывным коэффициентом кинематической вязкости,"_ЁРассматривается задача Стокса с разрывным коэффициентом кинематической вязкости в дивергентно-градиентной части уравнения. Исходная область разбивается на подобласти так, чтобы на каждой из них коэффициент вязкости был постоянен. На декомпозиционной области предложена вариационная постановка задачи, учитывающая условия согласования решения на интерфейсе между подобластями",_ЁХабаровск\_Ёзадача Стокса с разрывным коэффициентом\_Ёметод конечных элементов\Стокса задача\вязкая жидкость\движение тел в жидкости\метод конечных элементов\разрывный коэффициент кинематической вязкости,e8\f2,13Д\16Б,27.41.19\30.17.02,271.41.19.17.21\301.17.02.11,###
B10213980294,_ЁАвтоматическая маршрутизация в среде с препятствиями,"_ЁВ работе рассматривается перемещение тела группой интеллектуальных роботов в среде с одним и более препятствиями. При этом используются алгоритмы формирования активного кластера для движения тела ``зигзагом'' либо вдоль заданной траектории, либо вдоль опорных точек. Проведенное исследование поддержано грантом РФФИ 10-07-00235-а",_Ёавтоматическая маршрутизация\_Ёинтеллектуальный робот\_Ёпос.~Дивноморское (Краснодар. край)\движение зигзагом\интеллектуальные роботы\маршрутизация\обход препятствий\роботы интеллектуальные\системы управления групповые\среды с препятствиями,e8\e1\e9\00,93\93-Y\37\37-Y\РС\81,28.23.27\50.41.21\55.30.31,282.23.27.09\509.41.21.25.19\551.30.31.07.13,###
B103249601493,Структурно-динамический анализ с помощью ЯМР-релаксометрии в нефтегазовых технологиях,"Изучение движения молекул и атомов в твердых телах, жидкостях и газах, исследование реакций комплексообразования, химического обмена, сольватации и межмолекулярных взаимодействий в растворах, определение параметров электронного строения металлов и сплавов, изучение электрон-ядерных взаимодействий, строение и свойств молекул _- вот неполный круг задач, доступных решению с помощью ЯМР-спектроскопии. Этот метод привлекает сегодня не только физиков и химиков, но и специалистов в области технологии, что обусловлено, в первую очередь, практической значимостью данных о ЯМР, процессы которой зависят от многих физико-химических свойств исследуемой системы и превосходно иллюстрируют динамические явления на молекулярном уровне. Исследования нефтяных дисперсных систем (НДС) с помощью ЯМР-релаксометрии проводятся исходя из единичной сложной структурной единицы (ССЕ), то есть, изучая температурное влияние при изменении термодинамических характеристик спин-спиновой системы, можно достоверно предположить структурные особенности НДС в целом. В связи с влиянием магнитного поля и переменных электромагнитных импульсов, действующих по методу Кара-Парсела-Мейбума-Гилла, в спиновой системе происходит намагничивание ядер, вследствие чего они начинают прецессировать с определенной частотой амплитуд колебаний, т.__е. увеличивается молекулярная подвижность парамагнитных ядер. Это явление выражается временем спин-спиновой релаксации Т[2i]. В определенный момент времени, при постоянной температуре эксперимента (Т[эксп]), насыщение намагниченностью ядер фазы{1} i достигает своей постоянной дискретности и происходит _5обмен_6 ядерной намагниченностью с окружающими спиновыми системами. Это способствует увеличению молекулярной подвижности наиболее активных звеньев исследуемой фазы. Регистрируемый термодинамический _5отклик_6 (ТДО) соседних ССЕ, выражается сегментарной прецессией или амплитудами частот колебаний наиболее активных магнитных ядер и называется временем спин-решеточной релаксации Т[1i]. Спин-решеточная система фаз i в  ЯМР-спектроскопии выступает совокупностью спин-спиновых систем _Si. Необходимо отметить, что на ТДО спин-решеточной системы накладываются прецессии магнитных ядер структурных единиц, характеризующиеся временами спин-спиновой релаксации T[2i]. Это явление заключается в том, что исследуемая НДС находится под действием внешних сил _- постоянного магнитного поля, переменных электромагнитных импульсов и Т[эксп]. Вследствие этого наблюдается прямопропорциональная зависимость между временами спин-спиновой и спин-решеточной релаксации в ССЕ и НДС соответственно","Татарстан\ЯМР-релаксометрия\газы природные\добыча\измерение\нефтегазовая\нефтегазовые технологии\нефть\общие вопросы, теория, методология разведочной геофизики\релаксация\спектроскопия ЯМР\структурно-динамический анализ\технология",e5\f7,08Д\19А,31.01.33\38.57.23,311.01.33\383.57.23.01,###
B10349920193X,Структурно-функциональные исследования пептидов с целью создания лекарственных препаратов на их основе,"Излагается разрабатываемая концепция создания пептидов с заданными физиологическими свойствами на основе структурно-функционального анализа природных пептидов. Приводятся данные по синтезу пептидов _- структурных аналогов селанка и исследования их противовирусных свойств, которые позволили выделить фрамакофор с противовирусной активностью Gly-Pro. Проведены исследования влияния стереоспицифичности аминокислотных последовательностей на механизм их действия на примере синтезированных С-концевых последовательностей дерморфина. На основе фрагмента нейротензина -Pro-Tyr- синтезирована и охарактеризована большая группа пептидов. Проведенный структурно-функциональной анализ этой группы пептидов позволил отобрать наиболее эффективные пептиды с нейролептической активностью для дальнейших комплексных исследований с целью создания на их основе новых лекарственных препаратов с нейролептической активностью. С целью конструирования новых пептидов с нейротропными свойствами, не уступающих пептиду семакс проведен синтез и исследования фрагментов АКТГ[4-10]. Проведенные структурно-функциональные исследования пептидов на основе фрагмента АКТГ[4-10] показали, что они имеют фундаментальное значение с точки зрения подтверждения концепции о наличии в функциональных пептидах фрамакофоров и возможность пролонгирования их действия. Проведение комплексных структурно-функциональных исследований являются необходимым при создании новых лекарственных препаратов на основе пептидов. Россия, Ин-т мол. генет. РАН 123182, Москва. E-mail: landr@img.ras.ru",изучение\лекарственные средства\пептиды\разработка\структура\функции,e3,04Р1\04Б3,62.13.39,621.13.39,###
B103499202650,Применение хроматографии и масс-спектрометрии для изучения антибактериальных пептидных продуктов,"В результате проведенных исследований разработаны хроматографические режимы, позволяющие эффективно разделять исследуемые пептидные продукты на сорбентах: Zorbax Eclipse XDB-C18 и Zorbax SCX-300. С сорбента Hypercarb удалось осуществить элюирование только анионного пептида лебоцина. Среди всех детектированных пептидных продуктов идентифицированы двадцать известных антимикробных пептидов. Детектирован ряд новых пептидов с антибактериальными свойствами, и для некоторых из них, применяя алгоритмы секвенирования de novo, установлены предполагаемые аминокислотные последовательности. Показано, что введение 1,1-диметилгидразина и его производного также вызывает биосинтез антибактериальных пептидных продуктов, поскольку в излучаемых пептидных смесях обнаружены все известные для исследуемого организма антибактериальные пептиды, а также часть не описанных ранее и дектированных нами после иммунизации бактериями. Проведенные исследования показали эффективность и перспективность комплексного использования сочетания физико-химических методов и подходов к разделению и идентификации антибактериальных пептидных продуктов. Россия, Самарский гос. ун-т, 443011, Самара. E-mail: elektromodel@mail.ru",Galleria mellonella\антибактериальная активность\масс-спектрометрия\пептиды\хроматография,e3,04Р1\04Б3,62.13.39,621.13.39,###
B103499202669,Кинетика взаимодействия цисплатина с ДНК в присутствии белка HMGB1,"Изучили кинетические аспекты взаимодействия белка с цисплатина (ДДП) и аддуктами ДДП на ДНК. Используя УФ-спектроскопию, электрофорез, кинетический и термодинамический подходы, исследовали взаимодействия ДНК-ДДП и НМGB1-ДДП. Используя хемометрический подход к анализу кинетических данных, определили главные константы скоростей основных протекающих реакций. Россия, Физ. ф-т СПбГУ, 198504 С.-Петербург, Старый Петергоф",in vitro\ДНК\белок HMGB1\противоопухолевые средства\цисплатин,e3,04Н3\04Д6,76.29.49,761.29.49.55.03,###
B103499203002,Структурная организация и стабильность мицелл бета-казеина в водно-этанольных растворах,"Приведены результаты структурных исследований (методами флуоресцентной спектроскопии, динамического светорассеяния и кругового дихроизма) бета-казеина в водно-этанольных растворах. Обнаружено, что стабильность коллоидных структур бета-казеина строго зависит от концентрации этанола и температуры. Введение небольшого количества этанола стабилизирует мицеллы бета-казеина, в то время как дальнейшее увеличение концентрации спирта вызывает их дестабилизацию. Показано, что при стабилизирующих концентрациях этанола во вторичной структуре бета-казеина увеличивается содержание бета-слоев, что приводит к образованию более компактного и менее доступного растворителю мицеллярного ядра. Напротив, диссоциирующие концентрации этанола способствуют непосредственному взаимодействию спирта и гидрофобных белковых групп, приводя к мономеризации казеина и вызывая повышение содержания альфа-спиральных структур. Физико-химический анализ водно-этанольных смесей показал, что, будучи макроскопическими растворами, они все же обладают некой структурированностью (клатратная организация), которая зависит от концентрации и температуры, таким образом, определяя качество растворителя. Обсуждается значение данного явления для ассоциативных свойств амфифильных молекул бета-казеина. Россия, Казанский ин-т биохим. и биофиз. КазНЦ РАН, 420111 Казань, E-mail: ktatiana333@gmail.com",_b-казеин\вода\мицеллы\растворы\этанол,e3,04Р1,62.99.11,621.99.11,###
B1039585X337,_ЁМетоды формирования многоуровневых моделей информационных систем анализа состояния систем транспортной инфраструктуры,"_ЁОсновываясь на категорных методах представления и структуризации информации в информационных системах анализа состояния сложных объектов и учитывая специфику формирования транспортных систем, авторы построили формально-математический аппарат на основе категорного подхода, инвариантный к видам обрабатываемой информации и этапам обработки данных",_ЁСамара\_Ёинформационная система\_Ёкатегорный подход\_Ётранспортная система\_Ёулучшение транспортной обстановки в городе\Россия\информационные системы\инфраструктура\методы формирования\модели\транспорт\транспортная система\экономическое положение,e8\f8\f4,13Г\11Е\31\20У,27.47.19\73.01.75\73.29.01\73.47.12,271.47.19.31.17.27\732.01.75.20\733.29.01.29\733.47.12.15.05,###
B10472137151,"Разработка автоматизированной информационной системы учета, контроля и анализа состояния мероприятий по предупреждению и ликвидации чрезвычайных ситуаций, обусловленных разливами нефти и нефтепродуктов","ФГУ ВНИИ ГОЧС (ФЦ) разрабатывает автоматизированную информационную систему учета, контроля и анализа состояния мероприятий по предупреждению и ликвидации ЧС, обусловленных разливами нефти и нефтепродуктов. Изложены основные возможности разрабатываемой системы для поддержки принятия управленческих решений как на этапе формирования и утверждения планов ПЛРН, так и в период ликвидации последствий ЧС, вызванных аварийными разливами нефти и нефтепродуктов",аварийные разливы\автоматизированные системы\конференции\планы ликвидации разливов нефти\разлив нефтепродуктов\чрезвычайные ситуации,f4\f3,98\83,81.93.21\87.33.31,815.93.21.21\873.33.31.02,###
B10502516422,Некоторые особенности функционирования водных экосистем бассейна р.__Илексы (национальный парк _5Водлозерский_6),"Для водоемов Водлозерского нац. парка, особенно для озерно-речной системы р.__Илексы, характерны интенсивно идущие русловые процессы и четко выраженные процессы обмеления и зарастания. Для изучения природной евтрофикации водоемов предлагается организовать многолетние наблюдения по типу мониторинговых на отдельных ключевых участках",Водлозерский\Карелия\Россия\водоемы\деформация речных русел\евтрофикация\национальные парки\особо охраняемые природные территории\река Илекса,f3\e4\e5,72\09И\08Е,37.27.25\38.61.15\87.31.91,372.27.25.15\383.61.15.27\873.31.91.15,###
B10789556417,Ледокольные взрывные работы в борьбе с заторами на северных реках России,"На земном шаре Россия больше всех страдает от таких опасных природных явлений, как заторы льда на реках. Угроза наводнений в России существует более чем для 700 городов и нескольких тысяч других населенных пунктов. Площадь пойменных земель, периодически затопляемых речными и озерными водами, составляет в сумме около 0,4__млн км{2}. Основными причинами такой ситуации являются географическое расположение страны на севере Евразии, холодный климат, а также преимущественно северное направление течения большинства российских рек. Описана разработанная коллективом кафедры инженерной защиты населения и территорий Академии гражданской защиты МЧС России методика расчета зарядов ВВ для разрушения ледяного покрова на реках, учитывающая разнообразие влияющих на проведение работ характеристик и условий в интересах предупреждения и ликвидации ЧС, которая является достойным дополнением в развитии ледокольных взрывных работ, а также теории В",взрывные работы ледокольные\заторы\конференции\реки\северные,f4\f3,98\83,81.93.21\87.33.31,815.93.21.17\873.33.31.99,###
B10834039372X,От кристаллографии лигандов к рациональному дизайну лекарств,"Авторы усовершенствовали свое программное обеспечение для поиска лекарств на основе структурной информации. Программа выявляет потенциальные лекарства-кандидаты, которые могут, по крайней мере в одной из возможных конформаций, связываться с целевой мишенью. Также при расчетах учитываются заряды атомов для сохранения выгодных контактов обеспечивая при этом возможность для новых взаимодействий с целевым белком. База данных из 8 миллионов соединений-кандидатов анализируется в течение 2-х часов на однопроцессорном настольном компьютере. Разработанный подход был использован для поиска новых ингибиторов бета-лактамаз, которые в большинстве случаев ответственны за механизм устойчивости к антибиотикам внутрибольничных бактериальных штаммов. Создали эффективную систему экспрессии рекомбинантной бета-лактамазы класса А ТЕМ-1 в клетках E.coli для изучения в условиях in vitro/in vivo. Германия, European Molecular Biology Laboratory (EMBL), c/j DESY, Notkestrasse 85, 22603 Hamburg",компьютерное моделирование\лекарственные средства\лиганды\разработка,e3,04Р1\04Т6\04Б3,62.01.77\62.37.99,621.01.77\621.37.99.07.99,###
B109807522303,Эффективность нейрометаболической терапии кортексином при тяжелом течении ишемического инсульта,"Показано, что включение нейротрофической терапии кортексином в комплексное лечение ишемического инсульта способствует улучшению исхода заболевания с более полным восстановлением двигательных и речевых функций",больные\ишемический инсульт\кортексин\эффективность применения,e3,04Т6,76.31.29,761.31.29.11.35.09,###
B11112592133,"Факторы, влияющие на чувствительность иксодовых клещей (Acari: Ixodidae) к репелленту ДЭТА","Установлено, что наиболее устойчивыми к ДЭТА оказались зараженные клещи IV возраста, но даже им не удалось пересечь барьер с 10% ДЭТА. Вероятно, 20%-ной концентрации ДЭТА в коммерческих репеллентах достаточно, чтобы защитить людей и животных, как от неинфицированных, так и от зараженных иксодовых клещей. С другой стороны, при снижении концентрации ДЭТА (например, при выветривании или смывании репеллента) вероятность нападения зараженного клеща будет выше. Этот факт является веским основанием для тщательного следования инструкции по применению репеллентов и своевременной повторной обработки. Полученные данные указывают на то, что леса в европейской части России более опасны осенью во второй пик активности клещей I. ricinus в связи с увеличением в популяции клещей IV возраста",Ixodidae (Acar.)\ДЭТА\возраст\инсектициды\регуляция численности\резистентность,e3\e4,04И9\36,34.33.23\39.25.15,341.33.23.19.05.11.09.07.15\391.25.15.17.25,###
B11112592141,Динамика расселения гельминтов в новых ареалах в связи с особенностями их жизненных циклов,"В первоначальном более раннем осуществлении полного жизненного цикла в дельте Волги трематод Apophallus muehlingi и Rossicotrema donicum сыграло свою роль присутствие в жизненном цикле перелетных птиц в отличие от Nicolla skrjabini, в цикле которой присутствуют только водные животные. В дальнейшем при расселении в новом ареале преимущества первых видов проявляются в большей мобильности и размерах вторых промежуточных хозяев, что влияет на зараженность окончательных хозяев",дельта Волги\распределение по территории\распространение\трематоды\циклы развития,e3\e4,04И9\07Д\36,34.33.23\39.19.25\39.25.15,341.33.23.17.11.13\391.19.25.31\391.25.15.17.25,###
B11112592168,Патогены морской и озерно-лагунной экоформ тихоокеанской сельди,"У корфо-карагинской сельди комплексом различных методов были выявлены 19 инфекционных и инвазионных агентов. У вилюйской сельди их было лишь семь. В формировании эндопаразитофауны морских рыб большую роль играют экологические факторы. Наличие тех или иных паразитов у рыб обусловливается особенностями их питания и мест обитания. Сельдь морской экологической формы всю жизнь проводит в соленой воде, придерживаясь прибрежной зоны и нередко совершая в ее пределах довольно протяженные миграции. Типичные озерные сельди зимуют в солоноватоводных водоемах, а на нагул откочевывают в близлежащие водные пространства. Озеро Большой Вилюй, несмоненно, представляет собой более замкнутую экосистему по сравнению с местами обитания корфо-карагинской тихоокеанской сельди, что, по-видимому, является основной причиной такого богатого видового состава патогенов последней",Камчатка\видовое разнообразие\вилюйская сельдь\доминирующие виды\инвазивность\паразитофауна\хозяева,e3\e4,04И9\07Д,34.33.23\39.19.25,341.33.23.09.09\391.19.25.31,###
B11112592206,Иксодовые клещи и их прокормители в черте города Воронежа,"После аномально жаркого лета 2010 г. и сопровождавших его лесных пожаров в рекреационной зоне г. Воронежа отмечена концентрация клещей. По-видимому, в некоторых случаях условия современных городов могут оказываться более благоприятными для клещей в сравнении с природными биотопами. Численность иксодовых клещей, как и прокормителей их личинок, нимф и имаго, испытывает в окрестностях г. Воронеж периодические колебания. На фоне циклического спада численности прокормителей наблюдается последующий спад численности иксодид, который следует с годичным отставанием. Уменьшение численности несинантропных прокормителей личинок и нимф приводит к существенному увеличению интенсивности и экстенсивности инфестаций синантропных и полусинантропных видов грызунов. Проникновение ряда видов грызунов и иксодовых клещей в корестности г. Воронежа происходит за счет интенсивного освоения естественных ценозов и расширения рекреационной зоны, прекрывающейся с естественными биотопами эктопаразитов и их хозяев",Ixodidae (Acar.)\Воронежская область\динамика численности\доминирующие виды\мониторинг\фауна,e3\e4,04И9\36,34.33.23\39.25.15,341.33.23.19.05.11.09.07.09\391.25.15.17.25,###
B1111259224,Изучение трематодофауны инвазивных видов моллюсков на территории Беларуси,"В результате проведенных исследований и анализа литературных данных в водоемах Беларуси у инвазивных видов моллюсков выявлено как минимум 14 представителей класса Trematoda: y D. рolymorpha _- Phyllodistomum folium, Bucephallus polymorphus, Aspidogaster sp., а также метацеркарии Echinoparyphium recurvatum/E. pseudorecurvatum и Neoacanthopаryphium echinatoides; y Lithoglyphus naticoides _- Sphaerostoma bramae, Palaeorchis sp., Apophallus donicum, A. muehlingi, Nicola skrjabini и Microphallidae gen. sp.; y Physella acuta _- метацеркарии тетракотилидного и плагиорхидного типов. Впервые на территории Беларуси у D. polymorpha отмечены метацеркарии N. echinatoides и y L. naticoides представитель семейства Microphallidae",Республика Беларусь\видовое разнообразие\диагностика\пресноводные моллюски\таксономия\трематоды\фауна\хозяева,e3\e4,04И9\07Д,34.33.23\39.19.25,341.33.23.17.11.09\391.19.25.31,###
B11112592249,Современные сведения о паразитофауне антарктического клыкача Dissostichus mawsoni и других рыб при ярусном промысле рыб в Антарктике,"В ходе исследований не было выявлено различий в видовом составе паразитов у рыб, выловленных на больших расстояниях друг от друга _- например в северной части моря Росса и около острова Бувэ, что можно объяснить гомогенностью антарктической экосистемы, которая неразрывна на всей площади Южного океана. Найдено 11 из 46 видов гельминтов, известных для этого региона, 7 видов эктопаразитов, а также несколько новых видов",Антарктида\антарктический клыкач\видовое разнообразие\доминирующие виды\инвазивность\паразитофауна\распространение\хозяева,e3\e4,04И9\07Д,34.33.23\39.19.25,341.33.23.09.09\391.19.25.31,###
B11112592265,"Паразиты рыб, обитающих в озерах и реках Беларуси","Из обнаруженных паразитов наиболее распространенными являются трематоды Diplostomum sp., встречающиеся как у мирных, так и у хищных рыб практически во всех обследованных водоемах. Для них характерна наиболее высокая интенсивность (до 174 экз.) и экстенсивность (до 100%) инвазии. Высокий уровень инвазии был отмечен также для трематод Tylodelphys conifera и Tylodelphys podicipina. Экстенсивность инвазии также во многих случаях достигала 100%; максимальные значения интенсивности составляли до 114-120 экз.",Республика Беларусь\видовое разнообразие\доминирующие виды\инвазивность\паразитофауна\рыбы\хозяева,e3\e4,04И9\07Д,34.33.23\39.19.25,341.33.23.09.09\391.19.25.31,###
B11112592281,Количественный анализ сезонной динамики видовой структуры компонентного сообщества паразитов гольяна Phoxinus phoxinus (L.) из реки Печора,"Выявлено новое равновесное состояние сообщества паразитов гольяна, соответствующее зимнему периоду его существования. Рассматриваемая система стабильна в июне при максимальном видовом разнообразии, значительной численности и биомассе паразитов, в августе при минимальных значениях этих показателей, в ноябре, когда хозяин в преддверии зимы заселяется новой генерацией паразитов. Во всех стационарных состояниях у сообщества наблюдается минимальная скорость трансформации видовой структуры",Республика Коми\видовое разнообразие\гольян\доминирующие виды\инвазивность\паразитофауна\река Печора\хозяева,e3\e4,04И9\07Д,34.33.23\39.19.25,341.33.23.09.09\391.19.25.31,###
B11112592303,Генетическая структура популяций Opisthorchis felineus (Trematoda) и его вторых промежуточных хозяев _- карповых рыб в Обь-Иртышском очаге описторхоза,"Генетическая структура западно-сибирских популяций карповых рыб была изучена с использованием изоферментных маркеров. У плотвы и язя выделяется три группы популяций _- южная (тобольская, включающая реки Тобол, Тура, Иртыш в районе г. Тобольска), центральная (среднее течение Оби, реки Конда, Большой Салым) и северная (река Северная Сосьва), обладающие значительным своеобразием генетической структуры. Сравнение популяционно-генетической структуры паразита с генетической структурой популяций его промежуточных хозяев _- карповых рыб показало, что они не совпадают. Уровень генетической дифференциации паразита намного ниже, чем у карповых рыб. Отсутствие строгих корреляций генетических дистанций паразита и хозяев обнаружено у трематод _- паразитов лягушек. Это несоответствие объясняется разным числом исследованных локусов у паразита и хозяина, разным временем и местом сбора материала, возможной гибридизацией хозяина и несовпадением скоростей белковой эволюции в разных паразито-хозяинных популяционных системах. Можно заключить, что миграции и популяционная структура вторых промежуточных хозяев (рыб) не играет важной роли в формировании популяционно-генетической структуры O. felineus. Возможной причиной низкой дифференциации популяций O. felineus может быть влияние на его генетическую структуру окончательного хозяина _- человека. Вследствие широкой миграции населения и перевозки рыбной продукции создаются условия для потока генов в популяции паразита",взаимодействие паразитов и их хозяев\генетическая изменчивость\инвазивность\карповые рыбы\паразиты\поток генов\структура популяции\хозяева окончательные\хозяева промежуточные,e3\e4,04И9\36,34.33.23\39.25.15,341.33.23.11\391.25.15.17.25,###
B1111259232,Личинки трематод пресноводных моллюсков водоемов Беларуси,"В результате исследований зарегистрировано 116 видов и более крупных таксонов трематод из 29 семейств. Из них для 97 видов представлено видовое название, для 8 _- родовая принадлежность, для 7 видов установлена только принадлежность к семейству. Еще 4 вида имеют неясное систематическое положение",Республика Беларусь\диагностика\преимагинальные стадии\пресноводные моллюски\таксономия\трематоды\фауна\хозяева,e3\e4,04И9\07Д,34.33.23\39.19.25,341.33.23.17.11.09\391.19.25.31,###
B1111259232X,Прогноз паразитологической ситуации в Каспийском море в соответствии с возможными изменениями в экологическом состоянии водоема,"Паразитофауну животных Каспийского моря следует рассматривать как часть ее гидрофауны, которая вследствие длительного, в геологическом отношении, отбирающего воздействия природных факторов превратилась в относительно стабильную, саморегулирующуюся системы, состоящую преимущественно из пресноводных и эвригалинных морских видов и сохраняющую свою целостность даже при значительном изменении естественных условий окружающей среды. В будущем изменения уровня Каспия, степени минерализации воды в отдельных его районах, а также умеренное загрязнение, проведение каналов, развитие судоходства, рыболовства и рыбоводства могут привести к изменению численности паразитов в отдельных районах моря, появлению небольшого числа новых для фауны видов, которые в условиях обедненной аборигенной морской фауны могут легко прижиться здесь и достичь большой численности, а также переселению каспийских видов в другие водоемы",Каспийское море\видовое разнообразие\доминирующие виды\инвазивность\морские животные\паразитофауна,e3\e4,04И9\07Д,34.33.23\39.19.25,341.33.23.09.17\391.19.25.31,###
B11112592370,Итоги изучения фауны паразитов рыб Баренцева моря и сопредельных вод,"Установлено, что в паразитофауне баренцевоморских рыб присутствуют лишь элементы эпипелагической и батипелагической группировок. Можно считать этих паразитов случайными в баренцевоморских водах, за исключением узкоспецифичных паразитов северного макруруса и черного палтуса, которые являются постоянными членами ихтиофауны района. Истинно солоноватоводные паразиты образуют представительную (11,2%) группу в опресненном Белом море и, вероятно, являются здесь наиболее древней группой, как и их хозяева. В Баренцевом море эта группа представлена слабо (3%), поскольку опресненные зоны здесь не так значительны, а в шельфовом Северном море отмечены лишь следы рассматриваемой группы (0,9%). Паразиты, адаптированные к условиям литорали, присутствуют только в Баренцевом (2,5%) и Северном (0,6%) морях. Эти адаптации шли параллельно с их хозяевами, в силу чего все они узкоспецифичны",Баренцево море\видовое разнообразие\доминирующие виды\инвазивность\паразитофауна\рыбы\хозяева,e3\e4,04И9\07Д,34.33.23\39.19.25,341.33.23.09.09\391.19.25.31,###
B11112592397,Мониторинг лигулидозной инвазии младших возрастных групп леща и воблы в Волго-Каспийском регионе,"Установлено, что совокупное воздействие разного рода факторов в Волго-Каспийском регионе может способствовать резкому увеличению лигулидозной инвазии. Однако специфика развития ремнецов и особенности большого по размеру водоема неизбежно сводят все проводимые исследования исключительно в рамки мониторинга. Применение мер профилактики и борьбы, основанные на прерывании жизненного цикла паразита путем отпугивания рыбоядных птиц или массового вылова зараженной рыбы, ввиду больших затрат становится практически невозможным",Ligulidae (Cest.)\Волго-Каспийский регион\вобла\доминирующие виды\инвазивность\лещ\паразитофауна\хозяева\цестоды,e3\e4,04И9\07Д,34.33.23\39.19.25,341.33.23.09.09\391.19.25.31,###
B11112592427,Симбионты мидий литорали и верхней сублиторали губы кереть Кандалакшского залива Белого моря,"В поселении на о. Большой Горелый экстенсивность и интенсивность инвазии мидий трематодами С. parvicaudata и Himasthla sp. с глубиной падает, а турбелляриями  и трематодой Gymnophallus sp. растет. Дисперсионный анализ показал достоверное влияние глубины/горизонта литорали на экстенсивность инвазии мидий турбелляриями U. cyprinae, Paravortex sp. и двумя видами трематод. C. parvicaudata, Himasthla sp. Обнаружено влияние глубины на интенсивность инвазии мидий U. cyprinae",Mytilus edulis (Moll.)\Белое море\видовое разнообразие\инвазивность\паразитофауна\трематоды\хозяева,e3\e4,04И9\07Д,34.33.23\39.19.25,341.33.23.09.07\391.19.25.31,###
B11112592451,Влияние процессов синантропизации на гельминтофауну морских птиц на примере серебристых чаек г. Мурманска,"В ходе исследования чаек обнаружено 19 видов паразитических червей, включая 10 видов трематод, 6 видов цестод и 3 вида нематод. Впервые обнаружены у морских птиц баренцевоморского региона три вида трематод Maritrema echinocirrata, Diplostomum helveticum и D. chromatophorum",Larus argentatus (Aves)\Баренцево море\Мурманск\гельминты\диагностика\морские птицы\новые находки\паразитофауна\таксономия\хозяева\чайки,e3\e4,04И9\07Д\04И11,34.33.23\34.33.27\39.19.25,341.33.23.09.15\341.33.27.19.33.21.15\391.19.25.31,###
B1111259263X,"Эндопаразитофауна ряпушки сибирской Coregonus sardinella Valenciennes, 1848 нижнего течения реки Енисей","В результате исследования ряпушки сибирской нижнего течения р. Енисея обнаружено 10 видов паразитов 4 классов. Подавляющее большинство составляют виды, промежуточными хозяевами которых являются планктонные организмы (9 видов). Выявлены возбудители таких заболеваний как язвенная болезнь лососевых (H. zschokkei), эуботриоз (E. crassum), дифиллоботриоз (D. dendriticum), триенофороз (T. crassus) и метэхиноринхоз (M. salmonis)",Иркутская область\видовое разнообразие\доминирующие виды\инвазивность\паразитофауна\промежуточные хозяева,e3\e4,04И9\07Д,34.33.23\39.19.25,341.33.23.09.09\391.19.25.31,###
B11112592702,Молекулярные аспекты взаимодействия паразит-хозяина,"Многие паразиты имеют сложный жизненный цикл, в процессе которого они меняют своих хозяев и вынуждены противостоять иммунной системе различных организмов. Для понимания эволюции паразито-хозяинных отношений в этом случае следует учитывать несколько факторов, прежде всего необходимость существования одного организма в другом. Если паразит лучше приспособлен к определенному типу иммунной системы конкретного хозяина, то в остальных случаях его существование в других организмах сопряжено с усилением его вредного действия. Иммунитет хозяина играет двоякую роль _- с одной стороны он может сдерживать рост и размножение паразита и тем самым снижать его негативное действие, с другой стороны _- иммунные реакции сами по себе достаточно сложные не только потому, что требуют больших затрат энергии, но в определенных условиях могут повреждать собственные клетки хозяина. Таким образом, вред, наносимый паразитом хозяину, будет также зависеть от типа и степени иммунных реакций хозяина и их патологических проявлений",биохимический состав\взаимодействие паразитов и их хозяев\видовая специфичность\видовое разнообразие\метаболизм,e3\e4,04И9\04Я7\36,34.33.23\39.25.15,341.33.23.11\391.25.15.17.25,###
B1111259275,Паразиты рыб в условиях техногенной трансформации водных экосистем,"Показано, что загрязнение водоема отходами горнорудной промышленности в условиях Севера приводит к резкому снижению разнообразия кишечных гельминтов рыб. Исчезают виды, находящиеся на северной периферии ареала, _- все паразиты карповых рыб, связанные своим происхождением с теплолюбивым верхнетретичным фаунистическим комплексом. Снижается разнообразие гельминтов сиговых и щуки _- типичных компонентов фауны северных олиготрофных озер. Изменяется структура разнообразия паразитов. Исчезают нематоды, личиночные стадии которых какое-то время находятся в воде, и виды трематод, использующие рыб в качестве окончательных хозяев. При минеральном загрязнении водоема сохраняются цестоды с широкой экологической валентностью (P. longicollis, T. nodulosus), жизненный цикл которых связан с веслоногими ракообразными семейства Cyclopidae. В водоеме формируются условия для стабильного цикла развития этих паразитов, определяющие их высокую численность. Сопряженность популяций паразитов и хозяев обуславливает устойчивость паразитарных систем сохранившихся видов в изменившихся внешних условиях",Карелия\абиотические факторы\взаимодействие паразитов и их хозяев\видовое разнообразие\загрязнение воды\паразиты\пищевая специализация,e3\e4,04И9\07Д,34.33.23\39.19.25,341.33.23.11\391.19.25.31,###
B11112592753,Изученность паразитических копепод рыб Вьетнама,"В морской фауне паразитических копепод побережья Вьетнама зарегистрировано 39 видов, относящихся к 21 роду, 9 семействам и 2 подотрядам. Копеподами заражены представители 4 отрядов 27 семейств 66 видов рыб. Впервые в водах Вьетнама зарегистрированы Pseudocycnus appendiculatus, Lernanthropinus gibbosus, L. sphyraenae, Lernanthropus francai, L. carangis, L. opisthopteri, L. trifoliatus. Для Pseudocycnus appendiculatus зарегистрирован новый вид хозяина _- Auxis thazard",Copepoda\Вьетнам\видовое разнообразие\диагностика\доминирующие виды\инвазивность\паразитические ракообразные\рыбы\таксономия\хозяева,e3\e4,04И9\07Д,34.33.23\39.19.25,341.33.23.19.09.09\391.19.25.31,###
B11112592826,Новые сведения о распространении типичных для минтая Theregra chalcogramma слизистых споровиков (Myxosporea) в Сахалино-Курильском районе,Полученные результаты позволили сделать следующие выводы: M. theragra и Z. hildae распространены по всей акватории Охотского моря и эти виды заражают спорами минтая средних и старших возрастных групп. Размеры спор M. theragra увеличиваются с севера на юг,Охотское море\видовое разнообразие\доминирующие виды\инвазивность\миксоспоридии\минтай\хозяева,e3\e4,04И9\07Д,34.33.23\39.19.25,341.33.23.15.15.13.11\391.19.25.31,###
B11112592834,К изучению ихтиофауны и паразитофауны рыб Красноярского водохранилища,"Полученные материалы по паразитофауне рыб Красноярского водохранилища свидетельствуют о том, что в настоящее время на водохранилище сформировался лимнофильный комплекс паразитофауны с характерными для данного типа водоема заболеваниями: лигулез, диграммоз, дифиллоботриоз, триенофороз и эргазилез",Красноярское водохранилище\видовое разнообразие\доминирующие виды\инвазивность\паразитофауна\рыбы\хозяева,e3\e4,04И9\07Д,34.33.23\39.19.25,341.33.23.09.09\391.19.25.31,###
B11112592893,"Миксоспоридии черноморских рыб в эстуарии реки Черная (Севастополь, Крым)","Установлено, что фауна миксоспоридий и микроспоридий рыб в эстуарии р. Черной по видовому составу и показателям зараженности соответствует фауне этих микропаразитов в Черном море, что свидетельствует об адаптированности исследованных видов хозяев и их паразитов к постоянному незначительному опреснению воды",Крым\видовое разнообразие\динамика численности\микроспоридии\миксоспоридии\паразитофауна\рыбы\хозяева,e3\e4,04И9\07Д,34.33.23\39.19.25,341.33.23.09.09\391.19.25.31,###
B1115376060X,"К гельминтофауне остромордой лягушки (Rana arvalis, Nilson, 1842) Юго-Западной Якутии","У остромордой лягушки Юго-Западной Якутии паразитирует 8 видов гельминтов _- 5 видов трематод (Diplodiscus subclavatus, Haplometra cylindracea, Opisthioglyphe ranae, Pneumonoeces variegates, Pleurogenoides medians) и 3 вида нематод (Rhobdias bufonis, Oswaldocruzia filiformis, Cosmocerca ornata). Несмотря на то, что гельминтофауна остромордой лягушки, обитающей в Якутии, беднее по сравнению с другими регионами (в Мордовии обнаружено 20 видов в Томской области _- девять), общими для всех являются трематода _- Opisthioglyphe ranae и нематоды _- Rhabdias bufonis и Oswaldocruzia filiformis, что свидетельствует о широком их распространении",Raha arvalis (Amph.)\Якутия\видовое разнообразие\гельминты\доминирующие виды\инвазивность\паразитофауна\хозяева,e3\e4,04И9\07Д,34.33.23\39.19.25,341.33.23.09.11\391.19.25.31,###
B111888071113,Зараженность скальных ящериц Darevskia caucasica и D. rudis гемогрегаринами Karyolysus sp. в Северной Осетии,"Зараженность D. rudis изучали в 2 относительно изолированных популяциях из Архонского и Бадского ущелий. Все изученные популяции D. caucasica экстенсивно (до 90%) и интенсивно (до 3-4 паразитов в поле зрения) заражены Karyolysus sp. (Apicomplexa, Coccidiida, Adeleidae). Но в разных популяциях морфология кровяных стадий существенно различается особенностями их воздействия на клетку хозяина. Установлено, что D. rudis заражены столь же сильно и той же морфой паразитов, что и совместно с ними обитающие D. caucasica. Это наиболее распространенная форма Karyolysus, описанная как L. lacerate. Выявлены тканевые стадии паразитов на парафиновых срезах внутренних органов ящериц, у которых найдены эритроцитарные гамонты. Более всего поражается эндотелий сосудов легких, затем печени, менее всего почек",Darevskia (Rept.)\Karyolysus (Prot.)\Северная Осетия\грегарины\диагностика\инвазивность\хозяева,e3\e4,04И9\07Д\04И11,34.33.23\34.33.27\39.19.25,341.33.23.15.15.11.13\341.33.27.17.17.33\391.19.25.31,###
B11219494554,Формирование и использование пакетных пчелиных семей в условиях нахчыванской автономной Республики Азербайджана,"В Приаразской равнинных территориях Нахчыванской АР Азербайджана пчелиные семьи развиваются рано _- уже в начале февраля матки начинают откладывать яйца. Ранняя весна и использование вспомогательных семей способствуют быстрому наращиванию силы семей, что позволяет от одной семьи в течение сезона получать 3 отводка. Показано, что от каждой пакетной семьи от 01.05.06, 10.05.06 и 23.05.06 в период основного медосбора было получено 10 кг товарного меда и собран зимний запас корма. Пакеты, полученные из семей 15.06.06, превратились в сильные семьи в середине медосбора, потому и смогли собрать мед только на зиму",Азербайджан\использование\пакетные пчелы\пчеловодство\формирование,e3,04И9,34.33.19,341.33.19.49.15.02,###
B11236712378,Гельминтофауна некоторых видов непромысловых морских рыб полуострова Камчатка,"Проведена инвентаризация и изучение гельминтов непромысловых видов рыб прибрежных вод Камчатки. Это позволит оценить роль этой группы хозяев в существовании паразитарных систем гельминтов, общих с промысловыми видами рыб, а также выявить патогенные для человека и животных виды гельминтов, паразитирующих у этой группы рыб",Камчатка\видовое разнообразие\гельминты\доминирующие виды\инвазивность\паразитофауна\промысловые рыбы,e3\e4,04И9\07Д\36,34.33.23\39.19.25\39.25.15,341.33.23.09.09\391.19.25.31\391.25.15.17.25,###
B1132915X40,Химический АСМ-фишинг белков в сверхнизких концентрациях,"Разработан метод обнаружения белков в растворе в сверхнизких концентрациях. Этот метод заключается в концентрировании молекул белка, распределенных в большом объеме анализируемого раствора, на поверхности АСМ-чипа и их ковалентном связывании в небольшой химически активированной зоне этой поверхности. Регистрация связанных молекул осуществляется при помощи АСМ в режиме счета. Этот метод носит название химического АСМ-фишинга (АСМ-НФ[Хим]), чтобы отличать его от биоспецифического фишинга, так как в случае химического фишинга не требуется использование специфических антител в качестве зондов. Высокая чувствительность такой аналитической системе обусловлена эффективным концентрированием белка и высокой чувствительностью детектора (зонда АСМ) на уровне отдельных молекул белка. Россия, НИИ биомедицинской хим. им. В.Н. Ореховича РАМН. E-mail:shum230988@mail.ru",анализ биомаркеров заболеваний\атомно-силовая микроскопия\белок\обнаружение\протеомика\сверхнизкие концентрации,e3,04Р1,62.99.07,621.99.07.61,###
B11389705130,Апофаллез и россикотремоз _- гельминтозы рыб Волгоградского водохранилища в пределах Саратовской области,"Установлена значительная инвазия рыб в условиях водохранилища, возбудителей аппофалеза и россикотремоза. В настоящее время трематоды A. muehlingi и R. donicum являются одним из ведущих компонентов паразитоценозов Волгоградского водохранилища в пределах Саратовской области. Для них характерен триксенный тип жизненного цикла со сменой в онтогенезе паразитических и свободноживущих стадий. Развитие очага гельминтов обусловлено благоприятными климатическими и гидрологическими условиями, сложившимися в последние годы в Саратовской области. Высокая температура воды и воздуха, высокая инсоляция, обширные мелководные и заросшие площади реки, способствуют увеличению численности паразитических ракообразных за счет увеличения числа генераций и ускорения циклов развития. При этом создается опасность для водоемов, имеющих рыбохозяйственное значение. Т.е. Волгоградское водохранилище является резервуаром гельминтозов рыб, способных приводить к экономическому ущербу в культурном рыбоводстве",Саратовская область\водохранилища\доминирующие виды\инвазивность\паразитофауна\рыбы\трематоды,e3\e4,04И9\07Д\04И4,34.33.23\34.33.33\39.19.25,341.33.23.09.09\341.33.33.29.11.27\391.19.25.31,###
B11389705572,Роль гидрофильных организмов в эпизоотическом процессе гельминтозной инвазии водоплавающих птиц в поозерье северной зоны Республики Беларусь,"В эпизоотическом процессе гельминтозной инвазии водоплавающих  птиц в условиях северной зоны Беларуси принимают участие гидрофильные организмы следующих таксономических групп: пресноводные моллюски, личинки насекомых, амфибии, олигохеты, пиявки, ракообразные. Самым неблагополучным по гельминтозной инвазии водоемом в Северной зоне Беларуси является озеро Ричи Браславского района, наименьшая зараженность гидрофилов личинками птичьих гельминтов отмечена в озере Глодового Поставского района",Беларусь\Республика Беларусь\видовое разнообразие\водоплавающие\водоплавающие виды\гельминты\инвазивность\паразитарные заболевания\промежуточные хозяева,e3\e4,04И9\07Д\04И11,34.33.23\34.33.27\39.19.25,341.33.23.11\341.33.27.19.33.21.15\391.19.25.31,###
B11389705580,Распространение гельминтов диких уток в северной зоне Беларуси,"В Северной зоне Беларуси гельминтофауна диких уток представлена 41 видом, из них трематод _- 13 виов, цестод _- 16 видов, нематод _- 11 видов, акантоцефал _- 1 вид. Среди диких уток отмечались паразитоценозы, состоящие из 2-8 видов гельминтов различных классов",Республика Беларусь\видовое разнообразие\водоплавающие птицы\гельминты\доминирующие виды\инвазивность\паразитофауна,e3\e4,04И9\07Д,34.33.23\39.19.25,341.33.23.09.15\391.19.25.31,###
B11629498754,Экспериментальное определение материального баланса технологии СВЧ-термолиза твердых бытовых отходов,"Основным объектом исследований является печь карбонизации, которая состоит из СВЧ-генератора, соединенного металлическим волноводом и радиопроницаемой мембраной с закрытой камерой термодеструкции, обогреваемой топочными газами от сжигания газообразного топлива (сжиженный пропан-бутан). Масса разовой загрузки ТБО в камеру карбонизации составляет 20_-25__кг (крупность 1...10__мм, влажность 10_-40% масс.). Оптимальное время переработки разовой загрузки отходов в конечный товарный продукт (карбонизат, или углеродное вещество) составляет 10_-12 часов (с учетом ""холодного"" пуска печи и разогрева). В связи с расхождением теоретических расчетов и практических результатов процесса, относящегося к разряду инновационных, номинальная производительность пилотной установки может достигать 50__кг/сутки. Обнаружено, что при комбинации традиционного метода разложения отходов в закрытой камере при температуре 500_-900_0С без доступа воздуха и активации отходов электромагнитным полем частотой 2,45__ГГц общая скорость деструкции отходов сокращается на 40%, материальные затраты на топливо (при обогреве сжиженными углеводородными газами) сокращаются до 70% (расход пропан-бутана в баллонах емкостью 50__л и давлением 1,6__МПа составил 1,25_-1,5__л/час). Суммарное потребление электроэнергии составляет 0,75__кВт~xчас/кг ТБО","СВЧ\материальный баланс\отходы\разложение термическое\твердые бытовые отходы\твердые, бытовые\технология\технология СВЧ-термолиза",e5\f7\f9\f3,10Д\85\19И\ЕЕ,52.45.03\61.01.91\87.53.13,524.45.03.05\611.01.91\873.53.13.13.13,###
B1166750071X,Особенности размещения устройства обнаружения и измерения быстрых переходных процессов в сильных электромагнитных полях,"Показано, что для защиты от эл. поля высоковольтной линии измерительное устройство необходимо поместить в электростатический экран. Воздействие магн. поля на измерительное устройство можно оценить в зависимости от его взаиморасположения с силовым проводом",быстрые переходные процессы\воздействие\измерительные устройства\лаборатории высоких напряжений\размещение\электроизмерительные приборы\электромагнитные поля,e1\f9,32\22Е,44.29.37\90.27.34,441.29.37.33.13.09\901.27.34.73,###
B1167205983X,Определение горизонта на Луне и оценка его достоверности,"Представлено решение задачи об определении горизонта, видимого с поверхности Луны с заданной высоты в указанной точке. Дана оценка его качества (достоверности). Отмечается, что описанный расчетный модуль можно использовать для выбора оптимальных мест посадки лунных модулей, но необходимо учитывать, что близко расположенные высокие узкие объекты ухудшают качество построения горизонта и могут привести к исключению изучаемой базовой точки из числа пригодных для высадки.",Луна\математическое обеспечение\наблюдений обработка\наблюдения с поверхности Луны\определение горизонта\поверхность Луны\расчет мест посадки лунных модулей\спутники планет,e2,51\52,36.39.15\41.51.41,361.39.15.23.19\411.51.41.21,###
B11821216109,"Социально-эпидемиологическая характеристика населения, обратившегося за помощью после укусов иксодовых клещей в Иркутской области в 2011 г.","Проанализирована информация о случаях обращений людей в Центр диагностики и профилактики клещевых инфекций ФГБУ НЦ ПЗСРЧ СО РАМН (Иркутск) по факту укусов иксодовых клещей, произошедшей на территории Иркутской области в 2011 г.",Ixodidae (Acar.)\Иркутская область\переносчики\укусы людей\частота обращений,e3\e4,04И9\36\04Б1,34.33.23\39.25.15,341.33.23.19.05.11.09.07.15\391.25.15.17.25,###
B11823170149,Повышающий преобразователь напряжения постоянного тока,Отмечена потребность в разработке эффективных малогабаритных повышающих преобразователей постоянного тока. Рассмотрена задача синтеза системы управления периодом коммутации с целью стабилизации выходного напряжения. На основе математической модели преобразователя с применением аналитического метода синтеза нелинейных систем получено соотношение для управления. Качество синтезированного управления подтверждено путем моделирования с использованием пакета прикладных программ для решения задач технических вычислений MATLAB,малогабаритные\моделирование\преобразователи постоянного тока\разработка\силовая преобразовательная техника,f9,21Ю,45.37.31,451.37.31.01.05.07,###
B118398912800,Моделирование эффекта Холла в полупроводниковых изотропных пластинах и пленках с подвижными точечными зондами,Предложен метод измерения э.д.с. Холла на полупроводн. пластине с помощью прижимных подвижных металлич. зондов,подвижные металлические зонды\полупроводниковые приборы СВЧ\твердотельные приборы СВЧ\э.д.с. Холла,f5\e1,18Ж\24А,29.35.47\47.45.03,291.35.47.05.99\473.45.03,###
B11845948371,Оценка потенциальной помехоустойчивости сигналов в спутниковых навигационных системах,В статье приведены результаты анализа и расче~J:та потенциальной помехоустойчивости сигналов GPS/ГЛОНАСС при высоком уровне отношения сигнал/шум.,GPS NAVSTAR\ГЛОНАСС\оценка потенциальной помехоустойчивости сигналов\помехоустойчивость\расчет помехоустойчивости\спутниковые РНС\спутниковые навигационные системы,e2\e1,52\24В,36.16.35\47.49.31,361.16.35.15.15\473.49.31.04.11,###
